Country Name,Country Code,Series Name,Series Code,1988 [YR1988],1989 [YR1989],1990 [YR1990],1991 [YR1991],1992 [YR1992],1993 [YR1993],1994 [YR1994],1995 [YR1995],1996 [YR1996],1997 [YR1997],1998 [YR1998],1999 [YR1999],2000 [YR2000],2001 [YR2001],2002 [YR2002],2003 [YR2003],2004 [YR2004],2005 [YR2005],2006 [YR2006],2007 [YR2007],2008 [YR2008],2009 [YR2009],2010 [YR2010],2011 [YR2011],2012 [YR2012],2013 [YR2013],2014 [YR2014],2015 [YR2015],2016 [YR2016],2017 [YR2017]
Argentina,ARG,GDP (current US$),NY.GDP.MKTP.CD,1.26207E+11,76636898036,1.41352E+11,1.8972E+11,2.28789E+11,2.36742E+11,2.5744E+11,2.58032E+11,2.7215E+11,2.92859E+11,2.98948E+11,2.83523E+11,2.84204E+11,2.68697E+11,97724004252,1.27587E+11,1.64658E+11,1.98737E+11,2.32557E+11,2.87531E+11,3.61558E+11,3.32976E+11,4.23627E+11,5.30163E+11,5.45982E+11,5.52025E+11,5.2632E+11,5.94749E+11,5.54861E+11,6.3759E+11
Armenia,ARM,GDP (current US$),NY.GDP.MKTP.CD,..,..,2256838858,2068526522,1272577456,1201313201,1315158670,1468317350,1596968913,1639492424,1893726437,1845482181,1911563665,2118467913,2376335048,2807061009,3576615240,4900469950,6384451606,9206301700,11662040714,8647936748,9260284938,10142111334,10619320049,11121465767,11609512940,10553337673,10546135160,11536590636
Australia,AUS,GDP (current US$),NY.GDP.MKTP.CD,2.357E+11,2.99318E+11,3.10838E+11,3.25358E+11,3.24878E+11,3.11529E+11,3.22201E+11,3.67216E+11,4.00303E+11,4.34568E+11,3.98899E+11,3.88395E+11,4.15034E+11,3.78215E+11,3.94487E+11,4.66295E+11,6.11904E+11,6.92642E+11,7.45522E+11,8.51963E+11,1.05258E+12,9.26448E+11,1.14426E+12,1.39428E+12,1.54341E+12,1.5737E+12,1.46496E+12,1.34903E+12,1.20804E+12,1.32342E+12
Austria,AUT,GDP per capita (current US$),NY.GDP.PCAP.CD,17578.61894,17468.94619,21680.98969,22410.91174,24880.16407,24081.52781,25646.70066,30325.84958,29809.07677,26705.4786,27361.87511,27174.29716,24564.45829,24537.51426,26401.74546,32222.89724,36821.52147,38403.13388,40635.28182,46855.77175,51708.76575,47963.1794,46858.04327,51374.95841,48567.69529,50716.70871,51704.54119,44206.78428,44731.01086,47290.91165
Bahrain,BHR,GDP (current US$),NY.GDP.MKTP.CD,3702393617,3863563830,4229787234,4616223404,4751063830,5200265957,5567553457,5849467819,6101861436,6349202394,6183776596,6621010372,9062906915,8976207713,9632155053,11074822074,13150166755,15968726862,18505053191,21730000000,25710877660,22938218085,25713271277,28776595745,30749308511,32539547872,33387712766,31125851064,32152686170,35307127660
Bangladesh,BGD,GDP (current US$),NY.GDP.MKTP.CD,26579005760,28781714764,31598341234,30957483950,31708874594,33166519418,33768660883,37939748769,46438484108,48244309133,49984559471,51270569884,53369787319,53991289844,54724081491,60158929188,65108544250,69442943089,71819083684,79611888213,91631278239,1.02478E+11,1.15279E+11,1.28638E+11,1.33356E+11,1.4999E+11,1.72885E+11,1.95079E+11,2.21415E+11,2.49724E+11
Belgium,BEL,GDP (current US$),NY.GDP.MKTP.CD,1.63168E+11,1.651E+11,2.06431E+11,2.11638E+11,2.36038E+11,2.25925E+11,2.46195E+11,2.89567E+11,2.81358E+11,2.54814E+11,2.60602E+11,2.60202E+11,2.37905E+11,2.37842E+11,2.5886E+11,3.19003E+11,3.70885E+11,3.87366E+11,4.09813E+11,4.71821E+11,5.18626E+11,4.84553E+11,4.83548E+11,5.27008E+11,4.97884E+11,5.20925E+11,5.30771E+11,4.5504E+11,4.67546E+11,4.92681E+11
Belize,BLZ,GDP (current US$),NY.GDP.MKTP.CD,314900000,363150000,413050000,444720750,518239100,559858250,580863700,620140400,641383800,654314350,688992450,732732350,832072450,871860600,932551850,990374050,1057845500,1114222550,1217467600,1290573400,1368625150,1336957250,1397113450,1487005600,1573670250,1612573850,1703951050,1778567600,1820158550,1838000000
Brazil,BRA,GDP (current US$),NY.GDP.MKTP.CD,3.30397E+11,4.25595E+11,4.61952E+11,6.0286E+11,4.00599E+11,4.37799E+11,5.58112E+11,7.69305E+11,8.50426E+11,8.832E+11,8.63723E+11,5.99389E+11,6.55421E+11,5.59372E+11,5.07962E+11,5.5832E+11,6.69317E+11,8.9163E+11,1.10764E+12,1.39708E+12,1.69582E+12,1.66702E+12,2.20887E+12,2.6162E+12,2.46519E+12,2.47281E+12,2.45599E+12,1.80221E+12,1.79399E+12,2.05551E+12
Bulgaria,BGR,GDP (current US$),NY.GDP.MKTP.CD,22555941176,21988444444,20632090909,10943548387,10350515464,10829710145,9697416974,13063422619,10109612142,11195612105,14630992956,13495075366,13153016531,14075616789,16276456428,20982685981,25957970922,29636617750,34130122491,44411476557,54409138498,51884481410,50610058210,57418414504,53903022339,55758754072,56731990232,50199104511,53240893665,56831518294
Dominica,DMA,GDP (current US$),NY.GDP.MKTP.CD,143766666.7,153374074.1,166322222.2,180437037,191759259.3,200418518.5,215459259.3,224037037,236444444.4,245781481.5,258440740.7,267740740.7,335845814.8,343119370.4,337695740.7,350091222.2,374771481.5,370370370.4,390370370.4,421375851.9,458190185.2,489074333.3,493824407.4,501025296.3,485998000,501979259.3,523666333.3,535095851.9,581484037,562540740.7
Cameroon,CMR,GDP (current US$),NY.GDP.MKTP.CD,12493286762,11140055364,11151578051,12434370005,11396310990,15498179313,10600157684,9643953175,10513387442,10833497458,10612847429,11198378749,10083937740,10371327756,11579343088,14548845765,17430933517,17944084201,19356046328,22365265026,26409781215,26017925552,26143818510,29337006833,29104437355,32348149947,34942948737,30916218544,32217537943,34798596482
Canada,CAN,GDP (current US$),NY.GDP.MKTP.CD,5.07354E+11,5.65056E+11,5.9393E+11,6.10328E+11,5.92388E+11,5.77171E+11,5.78139E+11,6.04032E+11,6.28546E+11,6.52825E+11,6.31813E+11,6.76083E+11,7.42293E+11,7.3638E+11,7.57951E+11,8.92381E+11,1.0232E+12,1.16936E+12,1.31542E+12,1.46498E+12,1.54913E+12,1.37115E+12,1.61346E+12,1.78865E+12,1.82429E+12,1.84263E+12,1.79927E+12,1.55962E+12,1.53577E+12,1.65304E+12
Chile,CHL,GDP (current US$),NY.GDP.MKTP.CD,26040229793,29885685143,33113887818,37834793730,45964327559,49297773130,57008425296,73447063319,78039572222,84952360922,81577430181,75173794497,77860932152,70979923960,69736811435,75643459840,99210392858,1.22965E+11,1.54788E+11,1.73606E+11,1.79638E+11,1.72389E+11,2.18538E+11,2.52252E+11,2.67122E+11,2.78384E+11,2.60584E+11,2.43999E+11,2.50036E+11,2.77076E+11
China,CHN,GDP (current US$),NY.GDP.MKTP.CD,3.12354E+11,3.47768E+11,3.60858E+11,3.83373E+11,4.26916E+11,4.44731E+11,5.64325E+11,7.34548E+11,8.63747E+11,9.61604E+11,1.02904E+12,1.094E+12,1.21135E+12,1.3394E+12,1.47055E+12,1.66029E+12,1.95535E+12,2.28597E+12,2.75213E+12,3.55218E+12,4.59821E+12,5.10995E+12,6.10062E+12,7.57255E+12,8.56055E+12,9.60722E+12,1.04824E+13,1.10647E+13,1.1191E+13,1.22377E+13
Colombia,COL,GDP (current US$),NY.GDP.MKTP.CD,39212550050,39540080200,40274204595,41239551378,49279585355,55802538219,81703500846,92507279383,97160109278,1.0666E+11,98443739941,86186158685,99886577331,98203546156,97933391976,94684584163,1.17075E+11,1.46566E+11,1.6259E+11,2.07416E+11,2.43982E+11,2.33822E+11,2.87018E+11,3.35415E+11,3.6966E+11,3.80192E+11,3.78196E+11,2.9152E+11,2.80091E+11,3.09191E+11
Costa Rica,CRI,GDP (current US$),NY.GDP.MKTP.CD,6063759371,6866402028,7403457319,7168999428,8528593084,9537297507,10432619390,11513472694,11618286553,12552071367,13617405420,14195623425,14949514585,15913363335,16504795453,17195867540,18529767934,19952156475,22600431878,26743874206,30612932876,30562361123,37268635287,42262697840,46473128286,49745088112,50577769838,54775972989,56988989897,57057372468
Czech Republic,CZE,GDP (current US$),NY.GDP.MKTP.CD,..,..,40477403220,29675502270,34590052812,40614350197,47554674591,59775697061,66985765439,61792161168,66490372105,64867483193,61649492817,67523642262,81910771994,99627140274,1.19162E+11,1.36281E+11,1.55464E+11,1.89227E+11,2.35719E+11,2.0618E+11,2.07478E+11,2.27948E+11,2.07376E+11,2.09402E+11,2.07818E+11,1.8683E+11,1.95305E+11,2.15726E+11
Denmark,DNK,GDP (current US$),NY.GDP.MKTP.CD,1.15553E+11,1.12409E+11,1.38247E+11,1.39225E+11,1.52916E+11,1.43196E+11,1.56162E+11,1.85007E+11,1.87632E+11,1.73538E+11,1.76992E+11,1.77965E+11,1.64159E+11,1.64791E+11,1.78635E+11,2.18096E+11,2.51373E+11,2.64467E+11,2.82885E+11,3.19423E+11,3.53361E+11,3.21241E+11,3.21995E+11,3.44003E+11,3.27149E+11,3.43584E+11,3.52994E+11,3.01298E+11,3.069E+11,3.24872E+11
Ecuador,ECU,GDP (current US$),NY.GDP.MKTP.CD,13051886552,13890828708,15239278100,16988535268,18094238119,18938717359,22708673337,24432884442,25226393197,28162053027,27981896948,19645272636,18327764882,24468324000,28548945000,32432858000,36591661000,41507085000,46802044000,51007777000,61762635000,62519686000,69555367000,79276664000,87924544000,95129659000,1.01726E+11,99290381000,98613972000,1.03057E+11
"Egypt, Arab Rep.",EGY,GDP (current US$),NY.GDP.MKTP.CD,35044634015,39648442534,43130416913,36970555899,41855986519,46578631453,51897983393,60159245060,67629716981,78436578171,84828807556,90710704807,99838543960,97632008710,87850683979,82924503943,78845185293,89685725230,1.07484E+11,1.30479E+11,1.62818E+11,1.88982E+11,2.18888E+11,2.36002E+11,2.79373E+11,2.88586E+11,3.0553E+11,3.32698E+11,3.32928E+11,2.35369E+11
Estonia,EST,GDP (current US$),NY.GDP.MKTP.CD,..,..,..,..,..,..,..,4373665146,4746109767,5066240419,5617109245,5726897998,5685774809,6245069734,7322069511,9833870709,12059201242,14006088297,16963625016,22237061730,24194039256,19652492637,19490936349,23170239901,23043864510,25137153149,26224622451,22566956982,23337907619,25921079612
Finland,FIN,GDP (current US$),NY.GDP.MKTP.CD,1.09103E+11,1.19065E+11,1.41518E+11,1.27866E+11,1.12625E+11,89255751015,1.03322E+11,1.34199E+11,1.32099E+11,1.26833E+11,1.33936E+11,1.35226E+11,1.2554E+11,1.2925E+11,1.39553E+11,1.71071E+11,1.96768E+11,2.04436E+11,2.16553E+11,2.55385E+11,2.83742E+11,2.51499E+11,2.478E+11,2.73674E+11,2.56706E+11,2.6998E+11,2.72609E+11,2.32465E+11,2.38678E+11,2.51885E+11
France,FRA,GDP (current US$),NY.GDP.MKTP.CD,1.01885E+12,1.02521E+12,1.26918E+12,1.26928E+12,1.40147E+12,1.32282E+12,1.39398E+12,1.60109E+12,1.60568E+12,1.45288E+12,1.50311E+12,1.49265E+12,1.36225E+12,1.37647E+12,1.49429E+12,1.84048E+12,2.11574E+12,2.19613E+12,2.31859E+12,2.65721E+12,2.91838E+12,2.69022E+12,2.64261E+12,2.86141E+12,2.68383E+12,2.81108E+12,2.85217E+12,2.43821E+12,2.46513E+12,2.5825E+12
Georgia,GEO,GDP (current US$),NY.GDP.MKTP.CD,..,..,7753501868,6357615894,3690328964,2701181331,2513870587,2693731866,3094915506,3510540809,3613500117,2800024314,3057453483,3219487747,3395739855,3991281540,5125363001,6410852596,7745406201,10172869680,12795044473,10766809099,11638536834,14434619982,15846474596,16140047012,16509305828,13993546732,14378016732,15159281211
Germany,DEU,GDP (current US$),NY.GDP.MKTP.CD,1.39593E+12,1.39367E+12,1.76497E+12,1.86187E+12,2.12313E+12,2.06856E+12,2.20597E+12,2.59162E+12,2.50367E+12,2.21869E+12,2.24323E+12,2.19996E+12,1.94995E+12,1.95065E+12,2.07914E+12,2.50573E+12,2.81925E+12,2.86141E+12,3.00245E+12,3.43995E+12,3.75237E+12,3.41801E+12,3.41709E+12,3.7577E+12,3.54398E+12,3.75251E+12,3.89061E+12,3.37561E+12,3.4778E+12,3.67744E+12
Greece,GRC,GDP (current US$),NY.GDP.MKTP.CD,76261278405,79169043642,97891090929,1.05143E+11,1.16225E+11,1.08809E+11,1.16602E+11,1.36878E+11,1.45862E+11,1.43158E+11,1.44428E+11,1.42541E+11,1.30134E+11,1.36191E+11,1.53831E+11,2.01924E+11,2.40521E+11,2.47783E+11,2.73318E+11,3.18498E+11,3.54461E+11,3.3E+11,2.99362E+11,2.87798E+11,2.45671E+11,2.39862E+11,2.3703E+11,1.95542E+11,1.92691E+11,2.00288E+11
Guam,GUM,GDP (current US$),NY.GDP.MKTP.CD,..,..,..,..,..,..,..,..,..,..,..,..,..,..,3385000000,3560000000,3857000000,4197000000,4213000000,4375000000,4621000000,4781000000,4895000000,4928000000,5199000000,5337000000,5531000000,5697000000,5793000000,..
"Hong Kong SAR, China",HKG,GDP (current US$),NY.GDP.MKTP.CD,59707404561,68790369107,76928290842,88959620136,1.04272E+11,1.20354E+11,1.35812E+11,1.44653E+11,1.59717E+11,1.77353E+11,1.68886E+11,1.65768E+11,1.71668E+11,1.69403E+11,1.66349E+11,1.61385E+11,1.691E+11,1.8157E+11,1.93536E+11,2.11597E+11,2.1928E+11,2.14046E+11,2.28638E+11,2.48514E+11,2.62629E+11,2.75697E+11,2.91459E+11,3.09384E+11,3.20881E+11,3.41449E+11
Hungary,HUN,GDP (current US$),NY.GDP.MKTP.CD,..,..,..,34748508332,38724945368,40119073326,43160392124,46418916500,46659796773,47290180589,48770466839,49170434391,47310623887,53821315066,67716887203,85324771841,1.04067E+11,1.13035E+11,1.15295E+11,1.39851E+11,1.57998E+11,1.30594E+11,1.30923E+11,1.40782E+11,1.27857E+11,1.35216E+11,1.40118E+11,1.22879E+11,1.25817E+11,1.39135E+11
India,IND,GDP (current US$),NY.GDP.MKTP.CD,2.92633E+11,2.92093E+11,3.16697E+11,2.66502E+11,2.84364E+11,2.7557E+11,3.2291E+11,3.55476E+11,3.87656E+11,4.1032E+11,4.15731E+11,4.527E+11,4.62147E+11,4.78965E+11,5.08069E+11,5.99593E+11,6.99689E+11,8.08901E+11,9.20317E+11,1.20111E+12,1.18695E+12,1.32394E+12,1.65662E+12,1.82305E+12,1.82764E+12,1.85672E+12,2.03913E+12,2.10239E+12,2.27423E+12,2.59749E+12
Iceland,ISL,GDP (current US$),NY.GDP.MKTP.CD,6016168896,5588533007,6372905073,6807365898,6976080331,6126456175,6294803497,7018100153,7330965239,7548912105,8453704212,8917286036,8927140438,8136345144,9207689916,11316441660,13722824251,16691490114,17048647568,21319946740,17658408759,12944114736,13310567803,14732689535,14292008745,15548321544,17304033021,16942247374,20304098101,23909289979
Indonesia,IDN,GDP (current US$),NY.GDP.MKTP.CD,84300174477,94451427898,1.06141E+11,1.16622E+11,1.28027E+11,1.58007E+11,1.76892E+11,2.02132E+11,2.2737E+11,2.15749E+11,95445547873,1.40001E+11,1.65021E+11,1.60447E+11,1.95661E+11,2.34772E+11,2.56837E+11,2.85869E+11,3.64571E+11,4.32217E+11,5.10229E+11,5.3958E+11,7.55094E+11,8.92969E+11,9.1787E+11,9.12524E+11,8.90815E+11,8.60854E+11,9.32256E+11,1.01554E+12
"Iran, Islamic Rep.",IRN,GDP (current US$),NY.GDP.MKTP.CD,1.23058E+11,1.20496E+11,1.24813E+11,..,..,63743623232,71841461173,96419225744,1.20404E+11,1.13919E+11,1.10277E+11,1.13848E+11,1.09592E+11,1.26879E+11,1.28627E+11,1.53545E+11,1.90043E+11,2.26452E+11,2.66299E+11,3.49882E+11,4.06071E+11,4.14059E+11,4.8707E+11,5.835E+11,5.98853E+11,4.67415E+11,4.34475E+11,3.85874E+11,4.18977E+11,4.39514E+11
Ireland,IRL,GDP (current US$),NY.GDP.MKTP.CD,37818134253,39285385088,49364681256,49847128533,55985506499,52480253169,57166037102,69222626263,75880632560,82826146132,90082034316,98691849563,99853528653,1.09134E+11,1.27945E+11,1.64285E+11,1.9387E+11,2.11651E+11,2.32086E+11,2.69918E+11,2.7502E+11,2.36311E+11,2.21951E+11,2.39019E+11,2.25572E+11,2.39389E+11,2.58099E+11,2.90617E+11,3.04819E+11,3.33731E+11
Israel,ISR,GDP (current US$),NY.GDP.MKTP.CD,50078767903,49881433991,58986997917,67530220219,75575902932,75954641355,86307135997,1.00343E+11,1.09957E+11,1.14725E+11,1.15979E+11,1.1719E+11,1.32339E+11,1.30706E+11,1.21069E+11,1.26865E+11,1.35445E+11,1.42463E+11,1.53967E+11,1.78707E+11,2.1584E+11,2.07419E+11,2.3361E+11,2.61629E+11,2.57297E+11,2.92489E+11,3.08417E+11,2.99094E+11,3.17748E+11,3.50851E+11
Italy,ITA,GDP (current US$),NY.GDP.MKTP.CD,8.88668E+11,9.25598E+11,1.17733E+12,1.24211E+12,1.31581E+12,1.06145E+12,1.09559E+12,1.17079E+12,1.30893E+12,1.23905E+12,1.26631E+12,1.24856E+12,1.14176E+12,1.16232E+12,1.26651E+12,1.56965E+12,1.79831E+12,1.85266E+12,1.94263E+12,2.20305E+12,2.39073E+12,2.18516E+12,2.12506E+12,2.27629E+12,2.07282E+12,2.13049E+12,2.15173E+12,1.83287E+12,1.85938E+12,1.9348E+12
Kenya,KEN,GDP (current US$),NY.GDP.MKTP.CD,8355380879,8283114648,8572359163,8151479004,8209129172,5751789915,7148145376,9046326060,12045858436,13115773738,14093998844,12896013577,12705357103,12986007426,13147743911,14904517650,16095337094,18737897745,25825524821,31958195182,35895153328,37021512049,40000088347,41954942417,50334699324,55096730083,61448046802,64007293815,70875289605,74938190655
Kuwait,KWT,GDP (current US$),NY.GDP.MKTP.CD,20692472760,24312117767,18427777778,11008793176,19858555215,23941391391,24848483838,27191689008,31493987642,30354434553,25941929462,30121879435,37711864407,34890772742,38137545245,47875838926,59440108585,80797945205,1.01551E+11,1.14641E+11,1.47396E+11,1.059E+11,1.15419E+11,1.54028E+11,1.7407E+11,1.74161E+11,1.62631E+11,1.14567E+11,1.10912E+11,1.20126E+11
Lithuania,LTU,GDP (current US$),NY.GDP.MKTP.CD,..,..,..,..,..,..,..,7870782261,8385109020,10120274493,11240360898,10972878636,11539211480,12252498921,14278357284,18802576988,22649930576,26125575942,30216060233,39738180077,47850551149,37440673478,37120517694,43476873413,42848195256,46417340375,48516371721,41508609233,42773029835,47168303744
Luxembourg,LUX,GDP (current US$),NY.GDP.MKTP.CD,9750161053,10391504709,13229247948,14321878795,16065740778,16486900187,18325791415,21588170498,21776609772,19731912494,20209122027,22235929043,21263514833,21272418792,23616328816,29557325056,34685281848,37347394603,42414308117,50888134410,55849686539,51370543206,53212476812,60004630234,56677961787,61739352212,66327344189,57784495265,58631324559,62404461275
Mali,MLI,GDP (current US$),NY.GDP.MKTP.CD,2169040742,2181821902,2681912030,2724131545,2830673389,2818280876,2081846483,2706425298,2780422212,2697105694,2920358587,3439463140,2954129566,3465305993,3889758024,4703504467,5444474268,6245031690,6899799786,8145694632,9750822511,10181021770,10678749467,12978107561,12442747897,13246412031,14388360064,13100058100,14034980334,15288163367
Malta,MLT,GDP (current US$),NY.GDP.MKTP.CD,2019474244,2118574772,2547163582,2750041434,3021910217,2709178327,2998570147,3439931907,3570271558,3705372039,3923637971,4127313818,4306192436,4331870648,4689832690,5456583589,6062780269,6394851387,6757119558,7880509171,8977149553,8528202278,8741059603,9507645260,9209559296,10145114180,11234045376,10574026838,11279535398,12537750732
Malaysia,MYS,GDP (current US$),NY.GDP.MKTP.CD,35271880250,38848567631,44024178343,49142784405,59167157498,66894448545,74477975918,88704944179,1.00855E+11,1.00005E+11,72167753771,79148947368,93789736842,92783947368,1.00845E+11,1.10202E+11,1.2475E+11,1.43534E+11,1.62691E+11,1.93548E+11,2.30814E+11,2.02258E+11,2.55017E+11,2.97952E+11,3.14443E+11,3.23277E+11,3.38062E+11,2.96434E+11,2.96536E+11,3.145E+11
Mauritania,MRT,GDP (current US$),NY.GDP.MKTP.CD,957377507.5,981529400.5,1019600771,1443688870,1464392416,1249944999,1315932645,1415296704,1442598431,1401946853,1375115534,1405662879,1293654175,1295539448,1324426607,1563074860,1833444740,2184445123,3040716679,3356757064,3978425881,3670515288,4343665075,5179690136,5225533500,5724227185,5391475277,4844223107,4739298311,5024705934
Mexico,MEX,GDP (current US$),NY.GDP.MKTP.CD,1.83144E+11,2.22977E+11,2.6271E+11,3.14454E+11,3.63609E+11,5.00736E+11,5.27813E+11,3.60074E+11,4.10976E+11,5.00413E+11,5.26502E+11,6.00233E+11,7.07907E+11,7.56706E+11,7.72106E+11,7.29336E+11,7.82241E+11,8.77476E+11,9.75387E+11,1.0527E+12,1.10999E+12,9.00045E+11,1.0578E+12,1.18049E+12,1.20109E+12,1.27444E+12,1.31439E+12,1.16962E+12,1.07691E+12,1.14992E+12
"Micronesia, Fed. Sts.",FSM,GDP (current US$),NY.GDP.MKTP.CD,124700000,135200000,147200000,166200000,178100000,198400000,202500000,222103600,218845700,206900300,219646200,220660500,233226300,240051900,241543400,245277400,240097000,250149400,253372300,256548100,262868600,279966700,296525300,310502100,326128700,316040600,317999400,315179700,329895600,336427532.9
Mongolia,MNG,GDP (current US$),NY.GDP.MKTP.CD,3204461567,3576966800,2560785660,2379018326,1317611864,768401634.2,925817092.2,1452165005,1345719472,1180934203,1124440249,1057408589,1136896124,1267997934,1396555720,1595297356,1992066808,2523471532,3414055566,4234999823,5623216449,4583850368,7189481824,10409797649,12292770631,12582122604,12226514722,11749620620,11183458131,11488046881
Myanmar,MMR,GDP (current US$),NY.GDP.MKTP.CD,..,..,..,..,..,..,..,..,..,..,..,..,8905066164,6477790688,6777632512,10467109978,10567354056,11986972419,14502553710,20182477481,31862554102,36906181381,49540813342,59977326086,59937797559,60269734045,65446402659,59687373958,63225097051,69322122756
Netherlands,NLD,GDP (current US$),NY.GDP.MKTP.CD,2.58568E+11,2.5504E+11,3.14268E+11,3.2332E+11,3.5833E+11,3.49038E+11,3.74291E+11,4.46529E+11,4.45705E+11,4.12199E+11,4.32476E+11,4.41975E+11,4.12807E+11,4.26574E+11,4.65369E+11,5.71863E+11,6.50533E+11,6.78534E+11,7.26649E+11,8.3942E+11,9.36228E+11,8.57933E+11,8.3639E+11,8.93757E+11,8.28947E+11,8.6668E+11,8.79635E+11,7.57999E+11,7.77228E+11,8.262E+11
New Zealand,NZL,GDP (current US$),NY.GDP.MKTP.CD,45493075684,44170562822,45519034244,42756020707,41636005955,46712018141,55154160816,63918039320,70140835299,66074513018,56227696195,58762260626,52622842840,53872425917,66627729311,88250885550,1.03905E+11,1.14719E+11,1.11609E+11,1.37316E+11,1.3328E+11,1.21339E+11,1.46584E+11,1.68462E+11,1.76193E+11,1.90785E+11,2.00955E+11,1.77621E+11,1.89286E+11,2.05853E+11
Norway,NOR,GDP (current US$),NY.GDP.MKTP.CD,1.019E+11,1.02634E+11,1.19792E+11,1.21872E+11,1.30838E+11,1.20579E+11,1.27131E+11,1.52027E+11,1.63518E+11,1.61354E+11,1.54165E+11,1.62286E+11,1.71316E+11,1.74003E+11,1.95418E+11,2.28752E+11,2.64357E+11,3.08722E+11,3.45425E+11,4.01083E+11,4.62554E+11,3.86622E+11,4.29131E+11,4.98832E+11,5.10229E+11,5.23502E+11,4.99339E+11,3.86663E+11,3.71075E+11,3.98832E+11
Panama,PAN,GDP (current US$),NY.GDP.MKTP.CD,5902783400,5918469800,6433967000,7074675500,8042337700,8782585400,9365289800,9573813700,9870494000,10677286100,11575486400,12130252200,12304115000,12502013400,12994310400,13693981200,15013381700,16374393900,18141666300,21295984200,25155888600,27116635600,29440287600,34686224300,40429734400,45599994000,49921464400,54315722500,57820916600,61838175800
Paraguay,PRY,GDP (current US$),NY.GDP.MKTP.CD,4082625953,4599970618,5695201563,6984367763,7157424031,7249533620,7870982171,9062131308,9788391733,9965225497,9024567484,8392549702,8195993231,7662595076,6325151760,6588103836,8033877360,8734653809,10646157920,13794910634,18504130753,15929902138,20030528043,25099681461,24595319574,28965906502,30881166852,27282581336,27424071373,29734895249
Peru,PER,GDP (current US$),NY.GDP.MKTP.CD,15439408447,22499559086,26410386669,34672122381,36139225288,35158109999,44882079767,53312793687,55252414130,58147522523,55501467877,50187324568,51744749133,52030158775,54777553515,58731030122,66768703498,76060606061,88643193062,1.02171E+11,1.20551E+11,1.20823E+11,1.47529E+11,1.71762E+11,1.92649E+11,2.01218E+11,2.01081E+11,1.89927E+11,1.9164E+11,2.11389E+11
Philippines,PHL,GDP (current US$),NY.GDP.MKTP.CD,37885440419,42575183906,44311593756,45417561302,52976344929,54368083953,64084460124,74119987245,82848140618,82344260571,72207028767,82995145792,81026300311,76262072468,81357605642,83908206648,91371242496,1.03072E+11,1.22211E+11,1.4936E+11,1.74195E+11,1.68335E+11,1.99591E+11,2.24143E+11,2.50092E+11,2.71836E+11,2.84585E+11,2.92774E+11,3.04889E+11,3.13595E+11
Poland,POL,GDP (current US$),NY.GDP.MKTP.CD,..,..,65977749037,85500935935,94337050693,96045645026,1.10803E+11,1.42137E+11,1.59943E+11,1.59118E+11,1.74388E+11,1.69718E+11,1.71886E+11,1.90521E+11,1.98681E+11,2.17513E+11,2.55102E+11,3.06125E+11,3.44749E+11,4.29064E+11,5.33816E+11,4.39796E+11,4.79321E+11,5.28832E+11,5.00361E+11,5.24234E+11,5.4518E+11,4.77356E+11,4.714E+11,5.2451E+11
Portugal,PRT,GDP (current US$),NY.GDP.MKTP.CD,56352797354,60600056659,78721607509,89242382961,1.07603E+11,95019103603,99698453261,1.18134E+11,1.2263E+11,1.17046E+11,1.23982E+11,1.27466E+11,1.18358E+11,1.21546E+11,1.34229E+11,1.64964E+11,1.89187E+11,1.97305E+11,2.08567E+11,2.40169E+11,2.62008E+11,2.43746E+11,2.38303E+11,2.44895E+11,2.16368E+11,2.26073E+11,2.2963E+11,1.9942E+11,2.05184E+11,2.17571E+11
Puerto Rico,PRI,GDP (current US$),NY.GDP.MKTP.CD,26385800000,28161200000,30603919000,32287031000,34630430000,36922456000,39690630000,42647331000,45340835000,48187039000,54086400000,57841000000,61701800000,69208400000,71623500000,74827400000,80322313000,83914521300,87276164400,89524131600,93639316000,96385638000,98381268000,1.00352E+11,1.01565E+11,1.0245E+11,1.02446E+11,1.03144E+11,1.05035E+11,..
"Korea, Rep.",KOR,GDP (current US$),NY.GDP.MKTP.CD,1.96964E+11,2.43526E+11,2.79349E+11,3.25734E+11,3.50051E+11,3.86303E+11,4.55603E+11,5.56131E+11,5.98099E+11,5.57503E+11,3.74241E+11,4.85248E+11,5.61633E+11,5.33052E+11,6.0902E+11,6.80521E+11,7.64881E+11,8.98137E+11,1.0118E+12,1.12268E+12,1.00222E+12,9.01935E+11,1.0945E+12,1.20246E+12,1.22281E+12,1.3056E+12,1.41133E+12,1.38276E+12,1.4148E+12,1.53075E+12
Nauru,NRU,GDP (current US$),NY.GDP.MKTP.CD,..,..,..,..,..,..,..,..,..,..,..,..,..,..,..,..,..,..,..,20432742.11,39333572.32,44290951.93,49248810.57,72751801.05,103811958.8,108601538.5,117020381.9,100459782.6,102060129.6,113884908.4
Romania,ROU,GDP (current US$),NY.GDP.MKTP.CD,40809523810,42105263158,38995454545,28998684211,25121666667,26362894737,30074440483,37662075750,37182938696,35838588170,41976002704,36183003978,37438527800,40716836998,46174557556,59867801205,76216441462,99697566668,1.23533E+11,1.75934E+11,2.13605E+11,1.72612E+11,1.66658E+11,1.84367E+11,1.71665E+11,1.91549E+11,1.99493E+11,1.77911E+11,1.87806E+11,2.11803E+11
Russian Federation,RUS,GDP (current US$),NY.GDP.MKTP.CD,..,5.065E+11,5.16814E+11,5.17963E+11,4.60291E+11,4.35084E+11,3.95077E+11,3.95531E+11,3.9172E+11,4.04927E+11,2.70953E+11,1.95906E+11,2.59708E+11,3.06603E+11,3.4511E+11,4.30348E+11,5.91017E+11,7.64017E+11,9.89931E+11,1.29971E+12,1.66084E+12,1.22264E+12,1.52492E+12,2.05166E+12,2.21026E+12,2.29713E+12,2.06366E+12,1.3684E+12,1.28473E+12,1.57752E+12
Saudi Arabia,SAU,GDP (current US$),NY.GDP.MKTP.CD,88256074766,95344459279,1.1763E+11,1.32223E+11,1.37088E+11,1.32968E+11,1.35175E+11,1.43343E+11,1.58662E+11,1.65964E+11,1.46775E+11,1.61717E+11,1.89515E+11,1.84137E+11,1.89606E+11,2.15808E+11,2.58742E+11,3.2846E+11,3.769E+11,4.15965E+11,5.19797E+11,4.29098E+11,5.28207E+11,6.71239E+11,7.35975E+11,7.46647E+11,7.5635E+11,6.5427E+11,6.44936E+11,6.83827E+11
Senegal,SEN,GDP (current US$),NY.GDP.MKTP.CD,4985153203,4913065111,5716644272,5617236033,6004885321,5678827999,3877196915,4878719133,5065830414,4672503920,5030344074,5144045360,4679604754,4877602060,5333862371,6858952880,8031344381,8707015771,9358710935,11284603071,13439023281,12814961485,12948906289,14390776644,14225310519,14851057085,15304363138,13640668374,14683747154,16374743753
South Africa,ZAF,GDP (current US$),NY.GDP.MKTP.CD,1.18332E+11,1.28903E+11,1.15553E+11,1.23943E+11,1.34545E+11,1.3431E+11,1.39752E+11,1.5546E+11,1.47608E+11,1.52586E+11,1.37774E+11,1.36632E+11,1.36362E+11,1.21601E+11,1.15748E+11,1.75257E+11,2.28937E+11,2.57671E+11,2.71811E+11,2.99034E+11,2.871E+11,2.97217E+11,3.75298E+11,4.16878E+11,3.96333E+11,3.66829E+11,3.50905E+11,3.17741E+11,2.95763E+11,3.49419E+11
Serbia,SRB,GDP (current US$),NY.GDP.MKTP.CD,..,..,..,..,..,..,..,16750000000,20948677840,24147996550,18284194680,18409364147,6540247190,12267175481,16116843146,21188704081,24861483281,26252007830,30607991862,40289556656,49259526053,42616653300,39460357731,46466728667,40742313861,45519650911,44210806366,37160332465,38299854688,41431648801
Slovenia,SVN,GDP (current US$),NY.GDP.MKTP.CD,..,..,..,..,..,..,..,21273055398,21480023017,20749140606,22125435372,22689994990,20342201356,20875387068,23563576758,29697448108,34470227454,36346974008,39587732029,48114688201,55589849128,50244793832,48013606745,51290792018,46352802766,48116256926,49904928335,43072415017,44708598649,48769655479
Slovak Republic,SVK,GDP (current US$),NY.GDP.MKTP.CD,..,..,12694544693,14213045494,15431288006,16452201101,20079363626,25733043137,27821913815,27660149541,29828899206,30415095887,29114875622,30703017450,35083608131,46731767494,57240535138,62697540107,70596729394,86304245825,1.00325E+11,88945625174,89501012916,98181259740,93413992956,98478349315,1.00948E+11,87501423882,89768598023,95769031980
Singapore,SGP,GDP (current US$),NY.GDP.MKTP.CD,25337226971,30423573842,36152027893,45474442836,52156414979,60644572348,73777792327,87890009877,96403758865,1.00164E+11,85707636233,86283126844,95833932715,89286208629,91941192896,97001377569,1.14189E+11,1.27418E+11,1.47797E+11,1.79981E+11,1.92226E+11,1.92408E+11,2.36422E+11,2.75967E+11,2.90674E+11,3.04454E+11,3.11539E+11,3.04098E+11,3.09764E+11,3.23907E+11
Spain,ESP,GDP (current US$),NY.GDP.MKTP.CD,3.75139E+11,4.13631E+11,5.35101E+11,5.75599E+11,6.29202E+11,5.23649E+11,5.29122E+11,6.1294E+11,6.40998E+11,5.88692E+11,6.17042E+11,6.33194E+11,5.95403E+11,6.25976E+11,7.05146E+11,9.06853E+11,1.06956E+12,1.15728E+12,1.26455E+12,1.47934E+12,1.63502E+12,1.4991E+12,1.43162E+12,1.48807E+12,1.33602E+12,1.36185E+12,1.37691E+12,1.19779E+12,1.23726E+12,1.31132E+12
St. Kitts and Nevis,KNA,GDP (current US$),NY.GDP.MKTP.CD,165745740.7,185094777.8,208740444.4,209880963,229434518.5,249676000,277567259.3,299699666.7,318742963,357237682.1,364975456.9,389984428.9,420515107.7,461078078.1,483120194.3,465850739.6,502561629.6,543167666.7,636218037,674008481.5,738942555.6,723209111.1,705015370.4,753225963,734462666.7,788163888.9,847778185.2,878281518.5,909854629.6,945854481.5
Eswatini,SWZ,GDP (current US$),NY.GDP.MKTP.CD,692016714.3,696915430.7,1114703088,1156141998,1284766234,1357206996,1419293455,1698982438,1602760100,1716699913,1576904292,1547884442,1738100853,1542477309,1432228125,2197612701,2770082792,3178126492,3291353836,3469363996,3294093485,3580417067,4438778424,4820499924,4823831657,4560713074,4377293816,4020275298,3720649375,4408564260
Sweden,SWE,GDP (current US$),NY.GDP.MKTP.CD,2.04068E+11,2.14875E+11,2.58154E+11,2.70363E+11,2.80312E+11,2.09951E+11,2.2608E+11,2.64052E+11,2.88104E+11,2.64478E+11,2.668E+11,2.70848E+11,2.59802E+11,2.39917E+11,2.63926E+11,3.31109E+11,3.81705E+11,3.89042E+11,4.20032E+11,4.87816E+11,5.13966E+11,4.29657E+11,4.88378E+11,5.6311E+11,5.43881E+11,5.78742E+11,5.73818E+11,4.97918E+11,5.1446E+11,5.3804E+11
Switzerland,CHE,GDP (current US$),NY.GDP.MKTP.CD,2.09298E+11,2.02079E+11,2.58067E+11,2.61114E+11,2.71814E+11,2.64353E+11,2.92647E+11,3.42617E+11,3.30092E+11,2.86519E+11,2.95045E+11,2.89912E+11,2.72055E+11,2.78631E+11,3.01417E+11,3.52915E+11,3.94164E+11,4.08689E+11,4.30921E+11,4.79913E+11,5.54363E+11,5.41507E+11,5.83783E+11,6.9958E+11,6.68044E+11,6.88504E+11,7.09183E+11,6.79289E+11,6.68745E+11,6.78887E+11
Thailand,THA,GDP (current US$),NY.GDP.MKTP.CD,61667199835,72250877410,85343063966,98234695722,1.11453E+11,1.2889E+11,1.46683E+11,1.69279E+11,1.83035E+11,1.5018E+11,1.13676E+11,1.26669E+11,1.26392E+11,1.20297E+11,1.34301E+11,1.52281E+11,1.72895E+11,1.89318E+11,2.21758E+11,2.62943E+11,2.91383E+11,2.8171E+11,3.41105E+11,3.70819E+11,3.97558E+11,4.20333E+11,4.07339E+11,4.01399E+11,4.11755E+11,4.55221E+11
Tunisia,TUN,GDP (current US$),NY.GDP.MKTP.CD,10096292842,10102075213,12290568182,13074782609,15497286296,14608946896,15632463424,18030876599,19587322786,20746360430,21803372267,22943685719,21473188882,22066101341,23142294436,27453084983,31183139301,32273007554,34378437265,38908069299,44856586316,43454935940,44050929160,45810626509,45044112939,46251061734,47587913059,43156708809,42062549395,40256675209
Turkey,TUR,GDP (current US$),NY.GDP.MKTP.CD,90852814005,1.07143E+11,1.50676E+11,1.50028E+11,1.58459E+11,1.8017E+11,1.3069E+11,1.69486E+11,1.81476E+11,1.89835E+11,2.75769E+11,2.55884E+11,2.72979E+11,2.00252E+11,2.38428E+11,3.11823E+11,4.04787E+11,5.01416E+11,5.52487E+11,6.7577E+11,7.64336E+11,6.4464E+11,7.71902E+11,8.32524E+11,8.73982E+11,9.50579E+11,9.34186E+11,8.59797E+11,8.63722E+11,8.51102E+11
United Arab Emirates,ARE,GDP (current US$),NY.GDP.MKTP.CD,36275674203,41464995914,50701443748,51552165622,54239171888,55625170253,59305093980,65743666576,73571233996,78839008445,75674336283,84445473111,1.04337E+11,1.03312E+11,1.09816E+11,1.24346E+11,1.47824E+11,1.80617E+11,2.22117E+11,2.57916E+11,3.15475E+11,2.53547E+11,2.89787E+11,3.50666E+11,3.74591E+11,3.90108E+11,4.03137E+11,3.58135E+11,3.57045E+11,3.82575E+11
Ukraine,UKR,GDP (current US$),NY.GDP.MKTP.CD,74703517903,82709161099,81456918679,77464561150,73942235330,65648559903,52549555149,48213868178,44558077827,50150399792,41883241472,31580639045,31261527363,38009344577,42392896031,50132953288,64883060726,86142018069,1.07753E+11,1.42719E+11,1.79992E+11,1.17228E+11,1.36013E+11,1.6316E+11,1.75781E+11,1.8331E+11,1.33503E+11,91030959455,93270479389,1.12154E+11
United Kingdom,GBR,GDP (current US$),NY.GDP.MKTP.CD,9.10123E+11,9.26885E+11,1.09317E+12,1.1428E+12,1.17966E+12,1.06139E+12,1.14049E+12,1.33522E+12,1.40878E+12,1.55248E+12,1.63851E+12,1.66562E+12,1.64795E+12,1.62151E+12,1.76841E+12,2.0384E+12,2.39856E+12,2.5207E+12,2.69261E+12,3.07436E+12,2.89056E+12,2.38283E+12,2.44117E+12,2.6197E+12,2.66209E+12,2.73982E+12,3.02283E+12,2.88557E+12,2.65085E+12,2.62243E+12
United States,USA,GDP (current US$),NY.GDP.MKTP.CD,5.25263E+12,5.65769E+12,5.97959E+12,6.17404E+12,6.5393E+12,6.87872E+12,7.30876E+12,7.66406E+12,8.1002E+12,8.60852E+12,9.08917E+12,9.66062E+12,1.02848E+13,1.06218E+13,1.09775E+13,1.15107E+13,1.22749E+13,1.30937E+13,1.38559E+13,1.44776E+13,1.47186E+13,1.44187E+13,1.49644E+13,1.55179E+13,1.61553E+13,1.66915E+13,1.74276E+13,1.81207E+13,1.86245E+13,1.93906E+13
Vietnam,VNM,GDP (current US$),NY.GDP.MKTP.CD,25423812649,6293304975,6471740806,9613369520,9866990236,13180953598,16286433533,20736164459,24657470575,26843700442,27209602050,28683659007,31172518403,32685198735,35064105501,39552513316,45427854693,57633255618,66371664817,77414425532,99130304099,1.06015E+11,1.15932E+11,1.35539E+11,1.5582E+11,1.71222E+11,1.86205E+11,1.93241E+11,2.05276E+11,2.23864E+11
,,,,,,,,,,,,,,,,,,,,,,,,,,,,,,,,,
,,,,,,,,,,,,,,,,,,,,,,,,,,,,,,,,,
,,,,,,,,,,,,,,,,,,,,,,,,,,,,,,,,,
Data from database: World Development Indicators,,,,,,,,,,,,,,,,,,,,,,,,,,,,,,,,,
Last Updated: 11/14/2018,,,,,,,,,,,,,,,,,,,,,,,,,,,,,,,,,
